date,y_true,y_pred
2020-01-02,0.019494765603552844,0.0
2020-01-03,0.02282177579130611,0.0
2020-01-06,0.024181528612504152,0.0
2020-01-07,0.032670161752704596,0.0
2020-01-08,0.028032646368750205,0.0
2020-01-09,0.0140948323267389,0.0
2020-01-10,0.01158292783688796,0.0
2020-01-13,0.006322212117271571,0.0
2020-01-14,0.0009506175564466529,0.0
2020-01-15,0.005649664284107835,0.0
2020-01-16,-0.008353794559300319,0.0
2020-01-17,-0.010078883777065967,0.0
2020-01-21,-0.007523571881024832,0.0
2020-01-22,-0.00031194067965260207,0.0
2020-01-23,0.002339854925136863,0.0
2020-01-24,0.010481242281568295,0.0
2020-01-27,0.017824023887046028,0.0
2020-01-28,0.012836801140586088,0.0
2020-01-29,0.017424636133995426,0.0
2020-01-30,0.011514025500923552,0.0
2020-01-31,0.02516374047316958,0.0
2020-02-03,0.021607397961163215,0.0
2020-02-04,0.014525824360892158,0.0
2020-02-05,0.00730868094228042,0.0
2020-02-06,0.007296406335881419,0.0
2020-02-07,-0.01726627598601436,0.0
2020-02-10,-0.03967331092489531,0.0
2020-02-11,-0.041606643412775,0.0
2020-02-12,-0.08269192775489631,0.0
2020-02-13,-0.1085628460555259,0.0
2020-02-14,-0.05880322237210322,0.0
2020-02-18,-0.0689266146002296,0.0
2020-02-19,-0.019889351733656725,0.0
2020-02-20,-0.03966690201533233,0.0
2020-02-21,-0.04930070571398251,0.0
2020-02-24,-0.07050934756595818,0.0
2020-02-25,-0.023987365513360757,0.0
2020-02-26,-0.06862229401039315,0.0
2020-02-27,-0.12573799682842882,0.0
2020-02-28,-0.024084732597618803,0.0
2020-03-02,-0.14640531094545509,0.0
2020-03-03,-0.051765022994375055,0.0
2020-03-04,-0.12574336340954054,0.0
2020-03-05,-0.14067325880678666,0.0
2020-03-06,-0.19969602649471976,0.0
2020-03-09,-0.18521050724261792,0.0
2020-03-10,-0.16377860859772242,0.0
2020-03-11,-0.1162272525603425,0.0
2020-03-12,0.03573273512361173,0.0
2020-03-13,-0.05060667187390693,0.0
2020-03-16,0.057950977767847654,0.0
2020-03-17,-0.04354276375048501,0.0
2020-03-18,-0.034550997399394524,0.0
2020-03-19,0.024643400352917805,0.0
2020-03-20,0.09939614617998692,0.0
2020-03-23,0.16597794795194645,0.0
2020-03-24,0.10467550957632855,0.0
2020-03-25,0.12211145698294565,0.0
2020-03-26,0.07815228648136505,0.0
2020-03-27,0.07538890154553766,0.0
2020-03-30,0.07865838700122049,0.0
2020-03-31,0.08327180505599815,0.0
2020-04-01,0.10687215132220769,0.0
2020-04-02,0.09676565048034773,0.0
2020-04-03,0.06910110909426961,0.0
2020-04-06,0.011086108582932143,0.0
2020-04-07,0.0322496007225833,0.0
2020-04-08,0.008644862351609911,0.0
2020-04-09,0.009928153174774981,0.0
2020-04-13,0.020244133386950823,0.0
2020-04-14,-0.015751061506767968,0.0
2020-04-15,-0.0040625857355944634,0.0
2020-04-16,-0.02257212528519826,0.0
2020-04-17,-0.0487733300456191,0.0
2020-04-20,-0.029429126697648803,0.0
2020-04-21,-0.007088030431163565,0.0
2020-04-22,-0.027678670618869687,0.0
2020-04-23,-0.021577311888052647,0.0
2020-04-24,-0.0101002243662202,0.0
2020-04-27,-0.014368908526426727,0.0
2020-04-28,-0.028436282451525238,0.0
2020-04-29,-0.03328170118424359,0.0
2020-04-30,-0.023796007085770704,0.0
2020-05-01,-0.003999621420222589,0.0
2020-05-04,0.01225310515051203,0.0
2020-05-05,-0.007138475288178863,0.0
2020-05-06,0.015663422226133327,0.0
2020-05-07,0.007360596895674823,0.0
2020-05-08,-0.011246776511462666,0.0
2020-05-11,-0.004489782206601894,0.0
2020-05-12,0.018933276479691896,0.0
2020-05-13,0.03683724421869382,0.0
2020-05-14,0.04030865026187984,0.0
2020-05-15,0.03845615362587548,0.0
2020-05-18,0.025403697057145642,0.0
2020-05-19,0.045264499723293244,0.0
2020-05-20,0.028597795147259897,0.0
2020-05-21,0.05354331786749573,0.0
2020-05-22,0.06075779584415265,0.0
2020-05-26,0.04715706430284981,0.0
2020-05-27,0.029401750217755655,0.0
2020-05-28,-0.018076688664245767,0.0
2020-05-29,-0.018918571015153516,0.0
2020-06-01,-0.01435461006270803,0.0
2020-06-02,-0.0015061018269791528,0.0
2020-06-03,-0.004351740926884612,0.0
2020-06-04,0.005689632233399613,0.0
2020-06-05,-0.013329286436295173,0.0
2020-06-08,-0.026890401252204345,0.0
2020-06-09,-0.020196282670554417,0.0
2020-06-10,-0.03433673731226213,0.0
2020-06-11,0.011369381593529864,0.0
2020-06-12,-0.009417924517763696,0.0
2020-06-15,-0.002152325950528314,0.0
2020-06-16,-0.010319920734578304,0.0
2020-06-17,-0.007959285627137349,0.0
2020-06-18,-0.008047067277156799,0.0
2020-06-19,0.002043473689630564,0.0
2020-06-22,0.013972171620646904,0.0
2020-06-23,0.012988109480341075,0.0
2020-06-24,0.02203163634750603,0.0
2020-06-25,0.033221351806924114,0.0
2020-06-26,0.052343078952188905,0.0
2020-06-29,0.04812734276865528,0.0
2020-06-30,0.0415857082491099,0.0
2020-07-01,0.042857823750658476,0.0
2020-07-02,0.04313144680472215,0.0
2020-07-06,0.028110007744169236,0.0
2020-07-07,0.027696903565144784,0.0
2020-07-08,0.03814379811503317,0.0
2020-07-09,0.04959408220867201,0.0
2020-07-10,0.030062731745990376,0.0
2020-07-13,0.03653350136834868,0.0
2020-07-14,0.025698358600248338,0.0
2020-07-15,0.026315142243724582,0.0
2020-07-16,0.024190913224981028,0.0
2020-07-17,0.0178621116897309,0.0
2020-07-20,0.02526439358436597,0.0
2020-07-21,0.02900634311790263,0.0
2020-07-22,0.01901466463531162,0.0
2020-07-23,0.01531374580441118,0.0
2020-07-24,0.021968113917405843,0.0
2020-07-27,0.022174006326225983,0.0
2020-07-28,0.011580977770989381,0.0
2020-07-29,0.022996854988621394,0.0
2020-07-30,0.022217736629505276,0.0
2020-07-31,0.023018472542956414,0.0
2020-08-03,0.03132867269950004,0.0
2020-08-04,0.022953488620391885,0.0
2020-08-05,0.017105247195735553,0.0
2020-08-06,0.015238668879687006,0.0
2020-08-07,0.012362392768881974,0.0
2020-08-10,0.0156969245449532,0.0
2020-08-11,0.020452078117080948,0.0
2020-08-12,0.008836537821394812,0.0
2020-08-13,0.015770624396024304,0.0
2020-08-14,0.02478357750015221,0.0
2020-08-17,0.016295792748779257,0.0
2020-08-18,0.01334072815995188,0.0
2020-08-19,0.03920881136817928,0.0
2020-08-20,0.02387856499514462,0.0
2020-08-21,0.019101068226057602,0.0
2020-08-24,-0.01069693755605816,0.0
2020-08-25,0.0058551050121333995,0.0
2020-08-26,-0.007747267569655021,0.0
2020-08-27,-0.00831805976713539,0.0
2020-08-28,-0.010700100137976832,0.0
2020-08-31,-0.009191475584874218,0.0
2020-09-01,-0.014731037169529509,0.0
2020-09-02,-0.03905338595857714,0.0
2020-09-03,-0.03091925489934281,0.0
2020-09-04,-0.036291075638780416,0.0
2020-09-08,-0.009138851635334561,0.0
2020-09-09,-0.038675581168993486,0.0
2020-09-10,-0.018946253877426326,0.0
2020-09-11,-0.019282012124835525,0.0
2020-09-14,-0.014557319953547008,0.0
2020-09-15,-0.019783344741819472,0.0
2020-09-16,-0.003225384957521877,0.0
2020-09-17,0.008733344186359777,0.0
2020-09-18,0.01235373777280767,0.0
2020-09-21,0.02669763797327877,0.0
2020-09-22,0.014296102730056232,0.0
2020-09-23,0.0401471458514823,0.0
2020-09-24,0.0393984787398264,0.0
2020-09-25,0.041937973007414524,0.0
2020-09-28,0.04223277414512138,0.0
2020-09-29,0.04809064483755393,0.0
2020-09-30,0.030875682804808693,0.0
2020-10-01,0.0258800132143214,0.0
2020-10-02,0.031782825677396494,0.0
2020-10-05,0.012014750715955334,0.0
2020-10-06,0.01747228656284068,0.0
2020-10-07,0.007686454007318213,0.0
2020-10-08,0.0006129885396489488,0.0
2020-10-09,-0.005338142638145473,0.0
2020-10-12,-0.029762010572053806,0.0
2020-10-13,-0.03164682639602073,0.0
2020-10-14,-0.05615356124744847,0.0
2020-10-15,-0.05707831941098102,0.0028233981814640425
2020-10-16,-0.060907995017747164,-0.05707831941098102
2020-10-19,-0.03204989547656976,-0.05899315721436409
2020-10-20,-0.014668552363386505,-0.05001206996843265
2020-10-21,-0.015121574828830562,-0.04117619056717112
2020-10-22,-0.007381048142236015,-0.035965267419503004
2020-10-23,-0.004598293492488463,-0.031201230873291838
2020-10-26,0.006023726496085121,-0.027400811247462787
2020-10-27,0.02817934704838935,-0.023222744029519293
2020-10-28,0.06638672821938552,-0.017511400576418333
2020-10-29,0.064008203783184,-0.009121587696837949
2020-10-30,0.08125265194442532,-0.0024734248350177716
2020-11-02,0.0746161620840639,0.00450374822993582
2020-11-03,0.051238460332805415,0.009897010834099516
2020-11-04,0.036933836084566726,0.012849971512578509
2020-11-05,0.032346513667186536,0.01445556248404439
2020-11-06,0.021431150325655696,0.015573746932990774
2020-11-09,0.02403874292573797,0.015918300073735767
2020-11-10,0.011262421228230176,0.016369435787735892
2020-11-11,0.0020940905705477465,0.016100645547761906
2020-11-12,0.0046431788774505475,0.0154003177989012
2020-11-13,-0.009223550492010112,0.01488807308835593
2020-11-16,-0.009583875288801162,0.013792090198339291
2020-11-17,-0.010845917773663062,0.012775743872811446
2020-11-18,0.005528717118720177,0.011791507970875007
2020-11-19,0.010553637397966211,0.011540996336788813
2020-11-20,0.012997817139829466,0.011503020992987945
2020-11-23,0.018174450248810065,0.011558383813241334
2020-11-24,0.007438252587352246,0.011794671900225932
2020-11-25,0.003579458001461976,0.011644450544609598
2020-11-27,0.005959315424237089,0.01137561745983801
2020-11-30,0.0022394121169158924,0.011200898039334757
2020-12-01,-0.00415683945816948,0.010920851604259166
2020-12-02,0.00610603654938045,0.010463951875094663
2020-12-03,0.009933917631178884,0.010335777894926597
2020-12-04,0.0044261683822957995,0.010324296173105235
2020-12-07,-0.0025575748511195654,0.010160459290027195
2020-12-08,-0.015112463177467887,0.00981672863756377
2020-12-09,-0.007799355022179076,0.009160697274010305
2020-12-10,0.0016155441667574392,0.008725824138210575
2020-12-11,0.007297180286339121,0.008548067138924248
2020-12-14,0.00818836163537912,0.008517557703495342
2020-12-15,0.004761010785087551,0.008509719701873527
2020-12-16,0.00982108570127978,0.00842254042473897
2020-12-17,-0.007424676998041923,0.008454325544660352
2020-12-18,-0.009635440730287635,0.00810145882148919
2020-12-21,0.001948704418096847,0.007715874048624476
2020-12-22,0.006026948876965941,0.007593168311804739
2020-12-23,0.007652542359645718,0.007560538740245597
2020-12-24,-0.005862593757580718,0.007562416365131315
2020-12-28,-0.017097123124990024,0.007293916162677074
2020-12-29,-0.01260741937922818,0.006815660490369877
2020-12-30,-0.016863062450360466,0.006442139723646837
2020-12-31,-0.027353543452095314,0.00600241892791085
2021-01-04,-0.020900729405583175,0.005384715920873699
2021-01-05,-0.019065575063942665,0.0049067987331199376
2021-01-06,-0.023181024583946965,0.004478720629600961
2021-01-07,-0.022790620940024157,0.00399346194164398
2021-01-08,-0.01779570305913917,0.003531667409201426
2021-01-11,-0.0003018112799203993,0.0031701865538058226
2021-01-12,-0.014013730872007656,0.003112319923243719
2021-01-13,-0.01169761026011097,0.0028315649921740243
2021-01-14,-0.02724304223376003,0.002597223455846847
2021-01-15,-0.022808847601811982,0.0021235684449007063
2021-01-19,-0.011699440157591213,0.0017339994441708207
2021-01-20,-0.011987479975327495,0.001527331142605251
2021-01-21,-0.0013802631085382876,0.0013225612771820276
2021-01-22,0.010548130796260682,0.0012822206147085902
2021-01-25,0.004403160348279126,0.0014184839997314152
2021-01-26,-0.005443656944515876,0.0014617401786958747
2021-01-27,0.01052848602925636,0.0013630916483642784
2021-01-28,0.002289554298151621,0.0014921817100669837
2021-01-29,0.024658685253452522,0.0015032563293459365
2021-02-01,0.021894199742743023,0.0018204539858405473
2021-02-02,0.018866955404186588,0.0020917208203932837
2021-02-03,0.016711814726331858,0.0023153906148438612
2021-02-04,-0.003228618071923903,0.0025048172478897555
2021-02-05,-0.011624545914621375,0.0024303570489311367
2021-02-08,-0.014035439633870555,0.002250165985295848
2021-02-09,-0.013740615405582642,0.0020440190787241216
2021-02-10,-0.02365316437088357,0.0018467111476702866
2021-02-11,-0.035537763749866245,0.0015318978696634488
2021-02-12,-0.027001888801854772,0.0010798288255228427
2021-02-16,-0.026895111541305777,0.00074149487820504
2021-02-17,-0.03525956229679292,0.00041248765892514937
2021-02-18,-0.03827823542926865,-7.183517024474934e-06
2021-02-19,-0.0037026871723830025,-0.00045219574856219787
2021-02-22,-0.00030758933082857036,-0.0004895577189509428
2021-02-23,-0.0026152352270795037,-0.0004874898963586428
2021-02-24,0.011007437074661291,-0.0005113971472656188
2021-02-25,0.019546484589460702,-0.00038341010035531975
2021-02-26,0.04403931807188174,-0.0001644002685990997
2021-03-01,0.038354341081324225,0.00031607493075395287
2021-03-02,0.041279391231063375,0.0007250885452762139
2021-03-03,0.044485842864170774,0.0011565172972526731
2021-03-04,0.04403931807188174,0.0016126154611149687
2021-03-05,0.02563453008330558,0.0020545602799771226
2021-03-08,0.03181800464826031,0.002297652752176385
2021-03-09,0.036929572168045294,0.00259888083274867
2021-03-10,0.02003332302931559,0.002945655492701161
2021-03-11,0.03216110367175475,0.0031165321680673053
2021-03-12,0.04146873679370595,0.0034041021829552998
2021-03-15,0.047105189880509456,0.003777284875217561
2021-03-16,0.0351617054186691,0.0041979441471135985
2021-03-17,0.03345072502300055,0.004495672620878556
2021-03-18,0.03268150246380332,0.004771435024708289
2021-03-19,0.04192711327328923,0.00503473754771862
2021-03-22,0.035628483975967094,0.005379526105901523
2021-03-23,0.028978929931157353,0.005659609049142871
2021-03-24,0.033881632719078285,0.005873547772831077
2021-03-25,0.022450014223090724,0.006128166726887869
2021-03-26,0.01029971427551146,0.006275210398024832
2021-03-29,-0.005065367008593623,0.006311143468359535
2021-03-30,0.004803800982851184,0.0062104663844926924
2021-03-31,0.01597516888928691,0.006198127214302854
2021-04-01,0.026563656671772302,0.006283144967998369
2021-04-05,0.009971925530885276,0.006457976965444695
2021-04-06,0.011218446185075079,0.006488010713867265
2021-04-07,0.018673341941318387,0.006528099150063941
2021-04-08,0.010231500332703515,0.006630160013855996
2021-04-09,0.009386905063810833,0.006660171183179724
2021-04-12,-0.007242143712285619,0.006682706173928741
2021-04-13,-0.0026153333898955087,0.006568568060107312
2021-04-14,-0.001016970762395323,0.0064939021946601345
2021-04-15,0.001582958488621051,0.006433330638554848
2021-04-16,-0.0032998981417008003,0.006394527661355377
2021-04-19,0.0087335989190012,0.006317587774029534
2021-04-20,-0.0018610229749604437,0.006336611483832461
2021-04-21,-0.0075708603048264865,0.006272567464623143
2021-04-22,0.012678839424847758,0.006165254071061518
2021-04-23,0.015262949322912923,0.006215358573782951
2021-04-26,0.034153368955913796,0.006284424152020584
2021-04-27,0.026131938941232113,0.006495552521747048
2021-04-28,0.011993564730264522,0.00664319452490107
2021-04-29,0.015415946096983758,0.006683122660761992
2021-04-30,0.018934175123342816,0.006747810241771042
2021-05-03,0.00936451092832456,0.006837415865900246
2021-05-04,0.01139776366714918,0.0068558618152610076
2021-05-05,0.008850940083980779,0.006888774147521067
2021-05-06,0.005224310032495515,0.006902890449222215
2021-05-07,0.005365085391853985,0.00689090058910274
2021-05-10,0.0007022397479627763,0.0068800792047250875
2021-05-11,0.009731734008890828,0.006836573293057748
2021-05-12,0.02103533878029198,0.006856819172189449
2021-05-13,0.0008496208728718306,0.006955281113912383
2021-05-14,-0.001411438823412027,0.006913173112250034
2021-05-17,-0.0033949343515165347,0.006856155222279747
2021-05-18,0.0033941559817440214,0.006786419919056643
2021-05-19,0.012850550833120492,0.006763499216777503
2021-05-20,0.007156255429040147,0.006804351912189201
2021-05-21,0.005336154194778752,0.006806697935634875
2021-05-24,-0.006055111651903782,0.006796959235364304
2021-05-25,-0.011149814051782172,0.006712406137421749
2021-05-26,-0.0028168895617512635,0.00659565960023741
2021-05-27,0.003954533593614955,0.006534539151133588
2021-05-28,0.0012703240119313149,0.006517893953988305
2021-06-01,0.0022647113096838766,0.006484255685128966
2021-06-02,-0.01479191964889318,0.0064573796063044754
2021-06-03,-0.017408892069067167,0.006322890370512086
2021-06-04,-0.03877290327160296,0.006173633877181398
2021-06-07,-0.025689784920625233,0.005892718020001497
2021-06-08,-0.015806021731267314,0.005696553405463442
2021-06-09,-0.017221618589058876,0.005563821460174981
2021-06-10,-0.018518079086326043,0.005424033484412809
2021-06-11,-0.011446785234367084,0.005278044993127816
2021-06-14,-0.01002202250480604,0.0051766823856884536
2021-06-15,-0.012076429407514319,0.005085123922492704
2021-06-16,0.00905029708815782,0.004982360130097453
2021-06-17,0.002468674653814492,0.005006574040562097
2021-06-18,0.022765180681117613,0.004991556884427496
2021-06-21,0.007205823347562012,0.0050961076126433205
2021-06-22,0.011059294544500244,0.005108445131560974
2021-06-23,0.01356848663631039,0.005143043093264109
2021-06-24,0.01435772896396444,0.005191745079062064
2021-06-25,0.0051535679349823515,0.005244423147366102
2021-06-28,0.004006800305747717,0.005243903974723909
2021-06-29,0.017277323880260174,0.005236874976604724
2021-06-30,0.013626764894706952,0.005304900111653625
2021-07-01,0.018182284385026865,0.0053516521609966216
2021-07-02,0.012787692385840441,0.005423331670628076
2021-07-06,0.017225668726191166,0.005464244785712589
2021-07-07,0.009383106683865465,0.005529225028477663
2021-07-08,0.011404228347208355,0.005550400202408366
2021-07-09,0.017662173615940295,0.005582388334347163
2021-07-12,0.020910355876943693,0.005648039341312343
2021-07-13,0.023291401225551234,0.005730538349613052
2021-07-14,0.005646739213252471,0.005824951590881537
2021-07-15,0.006464298873034464,0.0058239985835145365
2021-07-16,0.006594243461005458,0.005827404436118367
2021-07-19,0.005350610145082027,0.005831461785456394
2021-07-20,0.009551919980067715,0.00582893098734916
2021-07-21,-0.0009907353567721365,0.005848423076316274
2021-07-22,0.005512714192361428,0.005812802459477271
2021-07-23,-0.006463450227440616,0.005811247597989624
2021-07-26,-0.0044842296347335575,0.005747975959714211
2021-07-27,0.0005580070465572712,0.005695503110511914
2021-07-28,0.012728144486878028,0.0056692913958999005
2021-07-29,0.007257874679765494,0.00570512313747847
2021-07-30,0.013887044544426711,0.005712965316984969
2021-08-02,0.02386685425617098,0.00575404109199724
2021-08-03,0.01993150209171228,-0.0038438497812573287
2021-08-04,0.020468851406590455,0.010160817110333712
2021-08-05,0.023681351355395643,0.005390194767743762
2021-08-06,0.025331998728308665,0.005459855665842386
2021-08-09,0.0185073026606656,0.005249402103304632
2021-08-10,0.003758365893798331,0.002525939780948082
2021-08-11,-0.0012515841418950602,-0.0003073395455773743
2021-08-12,-0.0052988019846947785,-0.002758235580644982
2021-08-13,-0.010118603088444656,-0.007458450076799707
2021-08-16,-0.011446042973281875,-0.009400283591568963
2021-08-17,-0.009777653325708865,-0.013089338243429078
2021-08-18,0.008016745971449602,-0.002899612168202657
2021-08-19,0.0038469688216464,-0.005748218820920103
2021-08-20,0.0009617477552685518,-0.0031070504700439943
2021-08-23,-0.007472881552030685,-0.00022754658424264333
2021-08-24,0.008714114102960434,0.0060554967171361695
2021-08-25,0.00458197638215831,0.004495798277557133
2021-08-26,0.004881193468333689,0.010662327036793902
2021-08-27,0.0038932071008623524,0.010911832666891882
2021-08-30,-0.0051450131905680695,0.008060268857549605
2021-08-31,-0.003743421254609305,0.0026956582091583504
2021-09-01,-0.012327842700147322,-0.003972878420002504
2021-09-02,-0.021625061351822347,-0.00912694432178016
2021-09-03,-0.030424253293768317,-0.009925615172099733
2021-09-07,-0.01996315043017449,-0.0029995663994100653
2021-09-08,-0.02569121411274301,-0.006475502025485729
2021-09-09,-0.016200045301839456,-0.004445749905713304
2021-09-10,-0.01147112781178209,-0.00349702188873277
2021-09-13,-0.018514044278687088,-0.0024981255397592775
2021-09-14,-0.025800645133971525,-0.003403900823109534
2021-09-15,-0.020391307710494053,-0.0053109234286439645
2021-09-16,-0.03518986861038647,-0.0031098862319183258
2021-09-17,-0.02712829266732412,-0.0027923015120225585
2021-09-20,-0.020286856006443164,0.00768291048361149
2021-09-21,-0.014072850847687158,0.01257929916791416
2021-09-22,-0.007277902439641393,0.005928981037092577
2021-09-23,-0.006537542698892985,-0.006056316211061624
2021-09-24,-0.008104343902878987,-0.0007487481540923661
2021-09-27,-0.0038480771664110027,-0.005223730385150864
2021-09-28,0.00845682895525495,0.006286623730964751
2021-09-29,0.001283197669547452,0.006474561898960891
2021-09-30,0.03061340662117403,0.029657954503334093
2021-10-01,0.025604162838317,0.018170855017854457
2021-10-04,0.022847232376982596,0.029343983418937798
2021-10-05,0.01819915109220946,0.02024636889808591
2021-10-06,0.014362190376520702,0.014912040434562237
2021-10-07,0.008660528097366721,0.012563738293560287
2021-10-08,0.017546879254613214,0.008157163563594153
2021-10-11,0.017130719202328074,0.007727915845948281
2021-10-12,0.020205727275565497,0.0016867628713632208
2021-10-13,0.012459463879185355,-0.0026140862206914216
2021-10-14,0.004778653948046035,-0.004909156988323384
2021-10-15,0.006194351154809024,-0.0016795505681813242
2021-10-18,0.013686548249344458,0.0028177954805094652
2021-10-19,0.019964180339725728,0.00102516274707586
2021-10-20,0.023441818563587583,0.0010527588970470807
2021-10-21,0.025678038907976,0.00021245143178213674
2021-10-22,0.023703101463386066,9.615619395220501e-05
2021-10-25,0.016428041939909373,0.002915073288141643
2021-10-26,0.016370943455133277,-0.0005574377893169929
2021-10-27,0.02528602133010772,0.00844824217741056
2021-10-28,0.02108799773782942,-0.0022588198976950125
2021-10-29,0.022070218200889866,0.0020456446852956927
2021-11-01,0.02532121719074015,0.0019667059696738196
2021-11-02,0.012312807028160578,0.007756835481877718
2021-11-03,0.00082698719576104,0.008251408923114455
2021-11-04,-0.00372696937194334,0.00940703663729288
2021-11-05,-0.013099020069991255,0.006321744173025988
2021-11-08,0.00275796980075566,0.006304403230177467
2021-11-09,0.005899924543258406,0.003910859164130264
2021-11-10,-0.00013712059906082603,0.0038900446794222126
2021-11-11,-0.012154740658506006,0.001880589403638471
2021-11-12,-0.009656082042698378,0.005682864769515861
2021-11-15,-0.04042924666064642,0.003445925515119584
2021-11-16,-0.038973531209478746,-0.0021120103258589103
2021-11-17,-0.026247103358492133,-0.004686295376272779
2021-11-18,-0.010286549473941512,-0.0040738088427862305
2021-11-19,0.010767532559587218,-0.004137304402003249
2021-11-22,0.005081958624510849,0.0001623695104649124
2021-11-23,-0.00466213773613505,3.83289532782027e-05
2021-11-24,0.0010971357931177249,0.0009696796811133855
2021-11-26,0.03051931890962972,0.00749696471676192
2021-11-29,0.04101020803133,0.006346656352588301
2021-11-30,0.06765451663796926,0.03955200552806323
2021-12-01,0.08255775806200545,0.05345948293700636
2021-12-02,0.07911736645042204,0.05316876581195321
2021-12-03,0.04947541688006585,0.04071053181714977
2021-12-06,0.03231791400913662,0.029549285856305545
2021-12-07,0.028783924579683286,0.020429820161917456
2021-12-08,0.03821964149464463,0.024042608551302615
2021-12-09,0.03773618411768548,0.021622357435479776
2021-12-10,0.0315933078599539,0.011650668917788615
2021-12-13,0.024242119778039004,-0.0016421692926884487
2021-12-14,0.02814288450012744,-0.0073875775948358405
2021-12-15,0.014959721927672918,-0.01630243066033267
2021-12-16,0.01464290494066009,-0.01911148614399677
2021-12-17,0.03178360633780767,0.009728190984991909
2021-12-20,0.0382111609158598,0.011613788531345502
2021-12-21,0.03864829005849707,0.015572128185398122
2021-12-22,0.02965710592320725,0.015816317443444115
2021-12-23,0.02842928704142869,0.013162720468261859
2021-12-27,0.009943700686030057,0.006260824597660216
2021-12-28,0.00313305404683827,0.0024153541702396026
2021-12-29,-0.001041766575824631,-0.0027227751132010668
2021-12-30,0.003909559075924238,0.0014304437575001902
2021-12-31,-0.0010379820168841315,0.000270145816247039
2022-01-03,-0.0154229823225459,0.009206074472832408
2022-01-04,-0.01584248766318281,0.003309956226260294
2022-01-05,-0.021506042377813363,0.007670962259967087
2022-01-06,-0.018004385875588284,0.01097889341908382
2022-01-07,-0.022334757531106076,0.0095536717792362
2022-01-10,-0.025581520302496018,0.01711514052941984
2022-01-11,-0.032051549892250335,0.021131827326348718
2022-01-12,-0.025735589109843138,0.007465656828992339
2022-01-13,-0.01586182695444665,0.002295866449768332
2022-01-14,-0.013856230962379486,-0.001358300643920304
2022-01-18,-0.0002634053805713924,0.008165608061368899
2022-01-19,0.00535209791465198,0.004061196769189126
2022-01-20,0.012178443711164097,0.010673993787206956
2022-01-21,-0.0009219031020299693,0.010033824416146232
2022-01-24,0.00421782361843697,0.019014457484202604
2022-01-25,0.019181568655420676,0.028576188376150634
2022-01-26,0.027086061899960052,0.03611014506702066
2022-01-27,0.009579644010628665,0.03471487459086691
2022-01-28,-0.005698243603822231,0.027394497503337403
2022-01-31,-0.01231715933749857,0.019253467127497214
2022-02-01,-0.009664834737383225,0.012480510351579982
2022-02-02,-0.01972162148196582,0.0039029475886509218
2022-02-03,-0.012310227892793714,-0.0018957856413938101
2022-02-04,0.0018431785464386537,0.008024984916736644
2022-02-07,-0.007790509429351954,0.006650049196426022
2022-02-08,-0.019715614962998552,-0.0016810219175326987
2022-02-09,-0.0373675269649136,-0.005791802381417858
2022-02-10,0.005150812965654075,0.001667260226970245
2022-02-11,-0.004662162105271456,0.0045898886584528585
2022-02-14,-0.0077593636951855905,0.006372326497946905
2022-02-15,0.0010638759734325268,0.003980076225222836
2022-02-16,0.0072765521193004085,0.001080954416138708
2022-02-17,-0.0002633985439325946,-0.0030141490054335094
2022-02-18,-0.02046347107768266,-0.0061969882742337595
2022-02-22,-0.04002708289236525,-0.0016591534004784733
2022-02-23,-0.02517057443755911,0.00046484963893586324
2022-02-24,-0.01728216954933532,0.01580427436516229
2022-02-25,-0.06069020498553656,0.013139606452234144
2022-02-28,-0.04199037652020052,0.018351180770862105
2022-03-01,-0.013929330929346291,0.020448368349860902
2022-03-02,-0.02339415659963763,0.012601433463361643
2022-03-03,-0.02455437635843058,0.007356756488947237
2022-03-04,-0.02239210362070722,0.0059288941927822065
2022-03-07,-0.002749867660305302,0.019661864613449827
2022-03-08,0.03201421034928737,0.03873996962756771
2022-03-09,0.017189997307065122,0.03464529546790405
2022-03-10,0.033702852402741845,0.04431326013629705
2022-03-11,0.05368878017907102,0.049946283249847075
2022-03-14,0.05250629006000532,0.04802043363246612
2022-03-15,0.03918940791000031,0.038123489921917546
2022-03-16,0.038758078448584594,0.03327950051529886
2022-03-17,0.029475226782214748,0.03489402493804518
2022-03-18,0.03714573684258135,0.03329500817669531
2022-03-21,0.03272428860764966,0.027154740545591298
2022-03-22,0.02623010526068338,0.024659602834688536
2022-03-23,0.046919586329136724,0.031307903838866905
2022-03-24,0.05197188726776842,0.027263599847188652
2022-03-25,0.047875983685915856,0.0282151381956752
2022-03-28,0.039680061869899745,0.025963224536149666
2022-03-29,0.03108244338472854,0.025482466165546155
2022-03-30,0.03601996349840086,0.02746833886589475
2022-03-31,0.0381357042114484,0.03315295326614628
2022-04-01,0.019892319214704617,0.029154331716276894
2022-04-04,0.03813287193389878,0.028633754902011994
2022-04-05,0.05209689526226157,0.023941457447154434
2022-04-06,0.038624781693514416,0.018636805213923642
2022-04-07,0.010785047218768941,0.00872638265569645
2022-04-08,0.010991253795182754,-0.00424230389734291
2022-04-11,-0.0005102578837661813,0.000723355603292882
2022-04-12,0.002928621647067157,0.0034520296510113617
2022-04-13,0.011974686724970327,-0.003310773046727801
2022-04-14,-0.015337785432773351,0.002669245948534539
2022-04-18,-0.020283726693747024,0.0092688053677504
2022-04-19,-0.038263733852877804,-0.001946117948590463
2022-04-20,-0.030879979722725697,-0.023151885159141062
2022-04-21,-0.04913838401653664,-0.02421728524509562
2022-04-22,-0.03231900626321773,-0.01194675710818788
2022-04-25,-0.037117159454436104,-0.018164235709559655
2022-04-26,-0.02847749907814443,-0.003661778543820113
2022-04-27,-0.03651360312155669,-0.009363857218100995
2022-04-28,-0.051418558970315976,-0.014517847906099402
2022-04-29,-0.008927081251643114,0.007743615549399339
2022-05-02,0.008835909459704057,0.018629311987943382
2022-05-03,0.004831286235282999,0.020747603235718032
2022-05-04,-0.08394385241815062,0.013264896549425545
2022-05-05,-0.08279727174637455,0.02677446292078245
2022-05-06,-0.08171692624577528,0.02532382664149931
2022-05-09,-0.06088522936302357,0.017864954390649432
2022-05-10,-0.037730195489835056,0.013477342298102083
2022-05-11,-0.033114928155166985,0.017300605845875255
2022-05-12,-0.022274921356876885,0.017429522172988186
2022-05-13,-0.02566754917754497,0.010833106979169073
2022-05-16,-0.03729764547357975,0.006883331347429446
2022-05-17,-0.04352872021508742,0.01313064783760651
2022-05-18,0.0374360721188679,0.06081493519341942
2022-05-19,0.045307979023499326,0.06522381890436732
2022-05-20,0.04359052877421131,0.05754299647133442
2022-05-23,0.028416966167187526,0.049978488665620595
2022-05-24,-0.0001363401539235825,0.044844641039480874
2022-05-25,-0.015523565441749836,0.042977866351778186
2022-05-26,-0.030401081992383564,0.038935140907704224
2022-05-27,-0.06372099884155587,0.03347677167782945
2022-05-31,-0.06849434793401106,0.030721319750145186
2022-06-01,-0.05437689027095671,0.034582936898461064
2022-06-02,-0.07647308109662787,0.027920012023533874
2022-06-03,-0.06998969373156362,0.026184173302847738
2022-06-06,-0.0440616103003605,0.018836667932368274
2022-06-07,-0.050042082463071756,0.0120066957588514
2022-06-08,-0.01849079152674394,0.007749329273860819
2022-06-09,0.016028284357213856,0.014577186405848177
2022-06-10,0.01758036803758322,0.019493473271051477
2022-06-13,0.02592572023552628,0.027656123419944837
2022-06-14,0.04404890810635053,0.03396277270658648
2022-06-15,0.04373569748815,0.033997745942802166
2022-06-16,0.06568425074354435,0.03396460183392903
2022-06-17,0.06287021237896233,0.03444213086931713
2022-06-21,0.039417987136897085,0.02911984592223233
2022-06-22,0.04109034893295811,0.027802914433906423
2022-06-23,0.0200908453136196,0.022933976471457743
2022-06-24,-0.0006867269166634991,0.016979620567697407
2022-06-27,-0.0008264673917031607,0.017430792817736324
2022-06-28,0.013303819923991269,0.023509680984306412
2022-06-29,0.007871467230987129,0.02872180700158347
2022-06-30,0.010474357503406612,0.02981570690603052
2022-07-01,-0.01361282817660491,0.026582326482829703
2022-07-05,0.0032932747716261502,0.030284076070142288
2022-07-06,-0.006324857881322519,0.03751775040702451
2022-07-07,-0.004253833386219286,0.03516717596499961
2022-07-08,0.004106651476106966,0.03353581790217588
2022-07-11,0.010385387742585954,0.03648981007351215
2022-07-12,0.010960737097388953,0.038165024530550644
2022-07-13,0.01706196242154596,0.03596765249378862
2022-07-14,0.0320795425279981,0.03348334317616586
2022-07-15,0.02102776516623083,0.034168523534631956
2022-07-18,0.04321678103496454,0.04002736863013895
2022-07-19,0.024762975520107085,0.03608600909833801
2022-07-20,0.038026388633491996,0.034815195393839204
2022-07-21,0.028335017710109156,0.034734865737624375
2022-07-22,0.019481259444017827,0.031046927127737416
2022-07-25,0.014039289864369175,0.028452907794089762
2022-07-26,0.014877289490457912,0.03117226191513213
2022-07-27,0.015443703454876233,0.023631312361494086
2022-07-28,-0.002801097879739879,0.015392208367119443
2022-07-29,0.01359997634314051,0.01664872452526005
2022-08-01,0.011076105641480418,0.01564533060615359
2022-08-02,0.030277117597061153,0.01786776669294622
2022-08-03,0.020893061196552428,0.01467833488410323
2022-08-04,0.030929681497663588,0.01941098424851397
2022-08-05,0.0299594169555116,0.02010231435690641
2022-08-08,0.0203017707374368,0.022416304236241216
2022-08-09,0.01743328029408076,0.022327219277678247
2022-08-10,0.012580543403955154,0.021705043760467557
2022-08-11,0.019577183355963118,0.023596608118845157
2022-08-12,-0.014137267008191576,0.017191442237459127
2022-08-15,-0.02563372826030445,0.004282327974520217
2022-08-16,-0.04726112434297284,-0.0078730323235097
2022-08-17,-0.050540903424475675,-0.007060515494108434
2022-08-18,-0.04832356423147467,-0.0065460987163847364
2022-08-19,-0.0582223099780046,-0.0022244841959276306
2022-08-22,-0.053695120385985874,0.0018957591755449895
2022-08-23,-0.031493447701353275,0.006420266994500102
2022-08-24,-0.036587136358005916,0.009848682278350182
2022-08-25,-0.03140219180337791,0.0048469661988614545
2022-08-26,-0.0024207148121342032,0.011387482955193593
2022-08-29,-0.03476954514338858,0.016693040611735703
2022-08-30,-0.024773966216939478,0.01714928156621999
2022-08-31,-0.027034186874095763,0.01573058463447765
2022-09-01,-0.03024044744719831,0.014705902542574
2022-09-02,-0.010472620075326492,0.012912608904586573
2022-09-06,-0.01028802603347235,0.009766267113407327
2022-09-07,-0.03195818547873132,0.0019556787725660174
2022-09-08,-0.03078387577459629,-0.007261055536204391
2022-09-09,-0.057712321033919524,-0.013638769504385112
2022-09-12,-0.06090396994714055,-0.01862533088258493
2022-09-13,-0.04437702738969915,-0.008739228217562123
2022-09-14,-0.03201252129743117,-0.007859914972177157
2022-09-15,-0.04026358167980135,0.002654783726880626
2022-09-16,-0.06017857299219345,0.0022895549169546434
2022-09-19,-0.04971580063010283,0.004701746868167959
2022-09-20,-0.02917404645932019,0.008501582838199151
2022-09-21,-0.03118305495068704,0.010073892312125772
2022-09-22,-0.04447124620375712,0.003398657976836403
2022-09-23,-0.042396703767894575,0.007595106569543898
2022-09-26,-0.03951473047441951,0.010028134536822483
2022-09-27,-0.013872829105426705,0.01569232061472956
2022-09-28,-0.020483569161042898,0.010816975018041304
2022-09-29,0.012584376657103083,0.015554436584089545
2022-09-30,0.01191729841324149,0.02021381692842013
2022-10-03,0.005582817364585436,0.017885109180741893
2022-10-04,0.0034766340029836217,0.008398874238197154
2022-10-05,0.004660137359840586,0.004935970787288247
2022-10-06,0.005318437982510375,0.013398575154081866
2022-10-07,0.035599371035469105,0.017013301056678448
2022-10-10,0.049831369307748195,0.01775348188404127
2022-10-11,0.05465377400430056,0.011771356408614314
2022-10-12,0.055909356313745835,0.01679437218812336
2022-10-13,0.04032716256558293,0.010685368755964592
2022-10-14,0.08021329025705606,0.01616381863621866
2022-10-17,0.06356722785889744,0.017203503385002678
2022-10-18,0.0474464411954362,0.017269640978718418
2022-10-19,0.03455490126157061,0.016190052017993027
2022-10-20,0.04522656218198805,0.02685527909111022
2022-10-21,0.04177923008677056,0.03120147537486279
2022-10-24,0.03281279275824261,0.024281736816939282
2022-10-25,0.02267617258840387,0.021994040304500043
2022-10-26,0.005158781609419511,0.017632268241943614
2022-10-27,0.02755011299309191,0.022663230204214624
2022-10-28,0.004772255723121945,0.013446631102483711
2022-10-31,0.002745840842875309,0.014055902442328953
2022-11-01,0.014241005753942758,0.015191921560520077
2022-11-02,0.03665367130306134,0.025400834639642888
2022-11-03,0.0397569100985923,0.030983688393764808
2022-11-04,0.038631915872487564,0.02881994899159253
2022-11-07,0.039225927008372755,0.02672765615047912
2022-11-08,0.04360212110238059,0.027119101624784203
2022-11-09,0.05794589752446565,0.03439233673686313
2022-11-10,0.03537251176524574,0.022616626342267132
2022-11-11,0.0326494320490017,0.023247596406889885
2022-11-14,0.03674464071233114,0.020588887503578526
2022-11-15,0.048304392157224034,0.019018370215017157
2022-11-16,0.03887689675156765,0.01705654277555741
2022-11-17,0.04369217863282974,0.01768039388335377
2022-11-18,0.020411515383078536,0.016471984806965233
2022-11-21,0.0047637511109298435,0.005308890163047487
2022-11-22,0.0017103647036658882,0.0024612146638307133
2022-11-23,0.0036680411823229995,-0.0039133087363088705
2022-11-25,-0.004732547187997009,-0.0035980700785169534
2022-11-28,0.009564226339993613,-0.0015615948262536648
2022-11-29,0.011953820008829134,-0.0030654774734021053
2022-11-30,-0.008586962264349227,-0.009138201822706539
2022-12-01,-0.02117522250585818,-0.0009245788316547049
2022-12-02,-0.03064997072649814,-0.004763174083047946
2022-12-05,-0.018636856312428986,0.0018695225067534645
2022-12-06,-0.013259182183121956,0.0022290903135490413
2022-12-07,-0.007554086612371523,-0.009285104519674856
2022-12-08,-0.015199937630219979,-0.012540875612950475
2022-12-09,-0.0022543538198918117,-0.013946748231250455
2022-12-12,-0.007963587351802519,-0.01556630569889071
2022-12-13,-0.01904979098856309,-0.015089466796480822
2022-12-14,-0.014116522670041511,-0.018473976190599366
2022-12-15,-0.001934632734371788,-0.01697299523701313
2022-12-16,-0.0007672620382853982,-0.01422961295146061
2022-12-19,0.003762459258857407,-0.018547478971950002
2022-12-20,-0.005539540345259944,-0.019935223299214523
2022-12-21,0.010879764771122848,-0.027622188608181504
2022-12-22,0.003337023966779286,-0.02315224318445391
2022-12-23,-0.0031973100151219997,-0.03151257335178757
2022-12-27,-0.007440519440626494,-0.036745490874818626
2022-12-28,-0.0028189467049664794,-0.030343049073693947
2022-12-29,-0.0024054069460566767,-0.025497269942679198
2022-12-30,0.0032140096208744494,-0.024786531991546196
2023-01-03,-0.02067814192737831,-0.02682658112672804
2023-01-04,-0.034105103301154426,-0.029096133532602996
2023-01-05,-0.016253799298976624,-0.02644473725123101
2023-01-06,-0.039431433741101106,-0.02889206247872049
2023-01-09,-0.025508962605484575,-0.02691708270068256
2023-01-10,-0.0217181928329915,-0.023455044461943988
2023-01-11,-0.025803831062417036,-0.025265345308420856
2023-01-12,-0.02078171925430973,-0.022949178037757093
2023-01-13,-0.024241304619394444,-0.020042323957112383
2023-01-17,-0.01413883450883243,-0.02017222154779445
2023-01-18,0.021485810548630142,-0.015541876346953209
2023-01-19,0.022368173015933707,-0.004465071030762496
2023-01-20,0.010683736821837897,-0.002976729726871621
2023-01-23,0.008746403432109797,-0.003044720137666763
2023-01-24,0.0004099307375408735,-0.004231731565960248
2023-01-25,-0.009729317296858936,-0.00521511775162414
2023-01-26,-0.010593545082014601,0.0008227745363442716
2023-01-27,0.0015087206131460121,-0.0012022082125452147
2023-01-30,0.011584574916335022,-0.003836512050960108
2023-01-31,-0.008306409868806808,-0.00938775815448653
2023-02-01,-0.014363357372019409,-0.012772759358832719
2023-02-02,-0.012975743280252795,-0.006962034063700972
2023-02-03,0.0038073698386333625,-0.0005584209274697607
2023-02-06,-0.0012251038862187821,-0.0014613861628165062
2023-02-07,0.0015021284841496738,-0.003078764095958994
2023-02-08,0.007955076160456603,0.006639619745730891
2023-02-09,0.005654568503234418,0.009780441430362243
2023-02-10,-0.004670384795417027,0.0059999295833474235
2023-02-13,-0.024275993989714275,0.002860205265642896
2023-02-14,-0.02254128832434126,0.004718056384031607
2023-02-15,-0.010840794976069941,0.006731010307271843
2023-02-16,-0.0027533402597842544,0.012109790123251855
2023-02-17,-0.012977177901949523,0.00803708862651901
2023-02-21,-0.019119137013934452,0.00986580612531795
2023-02-22,-0.015954283316137366,0.010765965938304027
2023-02-23,-0.024057747773701572,0.013641600371338693
2023-02-24,-0.02225066056735728,0.012835683480091519
2023-02-27,-0.016100434082652448,0.011932041419375873
2023-02-28,0.0012487321323316361,0.018732333842618538
2023-03-01,0.015129699446380047,0.018555273645592184
2023-03-02,0.0022049421353232575,0.015530112302162337
2023-03-03,-0.005945369762738201,0.009621032452396917
2023-03-06,0.005207932189830657,0.006840399721534514
2023-03-07,0.014332399731809473,0.011049449622530724
2023-03-08,0.0034087413634298655,0.011619575811209612
2023-03-09,0.008846011463032011,0.013163049825485074
2023-03-10,0.030616157439306846,0.01630830360714107
2023-03-13,0.030896856016867855,0.016193320779833577
2023-03-14,0.02361362306834317,0.012477617060359953
2023-03-15,0.022681403810767924,0.005518686201843839
2023-03-16,0.024830695284409163,0.004076894490804805
2023-03-17,0.04021692562719087,0.006653611222194086
2023-03-20,0.03165405375193294,0.0030373338581867974
2023-03-21,0.030479623885200924,0.005052336012384656
2023-03-22,0.04439729510761064,0.008561247128307503
2023-03-23,0.04908877460133149,0.014714840497442663
2023-03-24,0.03222813726537423,0.012494410562039763
2023-03-27,0.029812712577503595,0.00675598247220016
2023-03-28,0.02353352364924371,0.007320147700822227
2023-03-29,0.02353670647718982,0.00740738868491626
2023-03-30,0.014334788629834108,0.004755624795418542
2023-03-31,0.01263568530568989,0.0019033298211518115
2023-04-03,0.010464478447519365,-0.0009900059365835238
2023-04-04,0.01180475437042078,0.008233555795800391
2023-04-05,0.009516382169444844,0.005952295642392006
2023-04-06,0.01592865392280219,0.005488299108856728
2023-04-10,0.019969033355308124,0.006540758380681479
2023-04-11,0.015752689209001112,0.004478151641375121
2023-04-12,0.012416136142451331,0.0061426504313718665
2023-04-13,0.0179453858956709,0.004531580799635248
2023-04-14,0.029618264224137582,-0.0013661068094192965
2023-04-17,0.024028452976167198,-0.005090121819645467
2023-04-18,0.018279760037705435,-0.00427773050373534
2023-04-19,0.010754261901072584,-0.004679227528923935
2023-04-20,0.005902129765818145,-0.0030498493272413064
2023-04-21,0.007935098989607604,-0.0050687520542269425
2023-04-24,0.0009100477763404863,-0.008966753657156563
2023-04-25,-0.0009121699762831759,-0.009203698236865494
2023-04-26,0.005367535972179828,-0.008046958478490157
2023-04-27,-0.00272989579808226,-0.0074022330601448035
2023-04-28,-0.004140921753265385,-0.008366705288476294
2023-05-01,-0.0073819010338474125,-0.01173163899273471
2023-05-02,-0.013154034428442223,-0.010569653115940894
2023-05-03,-0.005494045358830975,-0.008865085995098802
2023-05-04,-0.007877308841275701,-0.009773371001306725
2023-05-05,-0.016460187312874096,-0.014098581725332071
2023-05-08,-0.028739075465984813,-0.015259550150080403
2023-05-09,-0.03299822830727213,-0.012183078865930667
2023-05-10,-0.03792118147066926,-0.008819555370045454
2023-05-11,-0.04854280879221433,-0.013540764407517794
2023-05-12,-0.04902997693816767,-0.015199724085542102
2023-05-15,-0.0580689605351165,-0.017879563213030747
2023-05-16,-0.04848202997040068,-0.013400594725008715
2023-05-17,-0.04878338900416184,-0.01415544406096408
2023-05-18,-0.030240303947069825,-0.01517634502092854
2023-05-19,-0.034574188433359285,-0.01648796324017686
2023-05-22,-0.024368142931037954,-0.014840268796619434
2023-05-23,-0.020279758033183628,-0.012721842742642448
2023-05-24,-0.0069399810392692576,-0.012084681258224008
2023-05-25,-0.0009570644800718132,-0.013878455454572582
2023-05-26,-0.00464126256599899,-0.011593497285441762
2023-05-30,0.010960465914332656,-0.008394857443717759
2023-05-31,0.01597198019013052,-0.009090353322012395
2023-06-01,0.026769594664584548,-0.010214070470733156
2023-06-02,0.01429737819734755,-0.013416806172654814
2023-06-05,0.010336540619968665,-0.014704096746429477
2023-06-06,0.018921320674509044,-0.014703994593371184
2023-06-07,0.02802232251749947,-0.00948277241285004
2023-06-08,0.014551636465733613,-0.008455773999757095
2023-06-09,0.017546259118346286,-0.006567956841980199
2023-06-12,0.02079357267407287,-0.004401950880661554
2023-06-13,0.009926583321629823,-0.004663087984056624
2023-06-14,0.0028619682394151755,-0.002311572550219344
2023-06-15,0.0015565607031554803,-0.005949889619596125
2023-06-16,0.008140095513485709,-0.007391392699736037
2023-06-20,0.014035239012271727,-0.005579565031957431
2023-06-21,0.007958537682521874,-0.0002890363157099121
2023-06-22,-0.010966107484175584,-0.0001253178101692392
2023-06-23,-0.0046188222082154205,0.0023388925244415483
2023-06-26,-0.00447682507309959,0.004833889563412377
2023-06-27,-0.005141636421046172,0.005515351809036158
2023-06-28,0.005825529250339832,0.008049912978748418
2023-06-29,0.010148524915150628,0.009598927154432082
2023-06-30,-0.0014840731311287648,0.007818622140734827
2023-07-03,-0.010354550259926628,0.0048555703350823196
2023-07-05,0.0014731608572145533,0.004989668061352325
2023-07-06,0.012550239737533069,0.0065923986120065715
2023-07-07,0.02911187670910059,0.011481354060237408
2023-07-10,0.03321133573471925,0.010251934032245632
2023-07-11,0.03145152889298126,0.011047726468559567
2023-07-12,0.03032774468731509,0.008749226924044357
2023-07-13,0.017275262785279008,0.009128371039972313
2023-07-14,0.024206444892083095,0.0075767239865141365
2023-07-17,0.02256271708694913,0.007245246939273763
2023-07-18,0.018216473095413556,0.00805720471735424
2023-07-19,0.01170673320322043,0.007618352268523745
2023-07-20,0.00039800661603626807,0.005610299008077024
2023-07-21,-0.013042329618185047,0.0033694351922671263
2023-07-24,-0.008731273905984622,0.001954363160100466
2023-07-25,-0.015668969924257353,0.005250028254477127
2023-07-26,-0.01538289129572434,0.00533222415421143
2023-07-27,-0.008533328429876228,0.008363640114580611
2023-07-28,-0.017230336152561143,0.0061886413315441775
2023-07-31,-0.017579169114199555,0.004927181791644778
2023-08-01,-0.022958675412565195,0.004670113820916852
2023-08-02,-0.02884743498307358,0.007022813266648182
2023-08-03,-0.03577851073343313,0.0059788593323723705
2023-08-04,-0.022077109272105825,0.0076857985421733
2023-08-07,-0.03694860658768943,0.0053581513774304795
2023-08-08,-0.035416414004312474,0.006602543366430517
2023-08-09,-0.030253936424384672,0.005420678755403254
2023-08-10,-0.03626880870230576,0.004685543804465578
2023-08-11,-0.032335508394447855,0.0012398579567336194
2023-08-14,-0.022830264379863897,0.0020597148635409287
2023-08-15,-0.008456226928222706,0.002804667804164527
2023-08-16,-0.00450225701500275,0.004557315760335
2023-08-17,0.00013753899514119757,0.0033393396889769
2023-08-18,-0.012124830278429439,-0.00035298210389371563
2023-08-21,-0.014023457522455818,0.000894445935472641
2023-08-22,-0.009473433625594004,9.973869059068602e-05
2023-08-23,-0.013730099646273567,8.730334094310009e-05
2023-08-24,-0.004452912748836478,-0.001246240616441319
2023-08-25,-0.0013815865094063168,-0.00315215433644059
2023-08-28,-0.014538170571983615,-0.003543191861165985
2023-08-29,-0.015042072736680047,-0.0029948035765640763
2023-08-30,-0.006585328965850988,-0.0036370665493537253
2023-08-31,-0.009805943065158342,-0.00347759941234396
2023-09-01,-0.0015976947639829407,0.0004083732338652623
2023-09-05,0.004654953304569872,0.0041326951556352395
2023-09-06,0.006754220662093437,0.005284144758621024
2023-09-07,-0.008584206413506526,0.0055290573644687065
2023-09-08,-0.015243105927929898,0.004901959681319271
2023-09-11,-0.027424128608880965,0.004289301281175356
2023-09-12,-0.02628192439180604,0.0075794968667454495
2023-09-13,-0.03759625442497462,0.007235307890971569
2023-09-14,-0.04464770344736702,0.003693061854802929
2023-09-15,-0.03925732808283447,0.005418430774647945
2023-09-18,-0.045761258146057256,0.007587534882236529
2023-09-19,-0.05057809090902008,0.008036433707063091
2023-09-20,-0.043631446089768905,0.0073578324895030595
2023-09-21,-0.05060683794402064,0.010305191802317402
2023-09-22,-0.050738287533240625,0.010712536671863388
2023-09-25,-0.0462676755845551,0.011707923300375817
2023-09-26,-0.028661202349747415,0.012462278325953719
2023-09-27,-0.027257864016262574,0.015598339951172414
2023-09-28,-0.041268956304863755,0.014343533302408446
2023-09-29,-0.029645705645618053,0.012564420768031924
2023-10-02,-0.01251602316673086,0.01037104046558993
2023-10-03,-0.0010323671506766196,0.012630322703002468
2023-10-04,-0.0052779083107784945,0.012268323225932081
2023-10-05,0.007282268160947667,0.01691769231943991
2023-10-06,0.00895920669779932,0.020547703304324216
2023-10-09,0.006125179626343101,0.021009660907129905
2023-10-10,0.004440728356828455,0.01812271460032365
2023-10-11,0.014679225555605637,0.01885023995401575
2023-10-12,0.01914491253797019,0.024013483589722325
2023-10-13,-0.0032988695663822556,0.025932202113091204
2023-10-16,0.0019241815909365105,0.022623080209618746
2023-10-17,0.001179676427124369,0.020154645041454675
2023-10-18,-0.0035341054715906347,0.020913240342245766
2023-10-19,0.016740684817131417,0.023773560970316163
2023-10-20,0.02176253892946869,0.024067064994059636
2023-10-23,0.02529541604446593,0.026755294944420357
2023-10-24,0.019307084352363484,0.025723025459814995
2023-10-25,0.011997091538867093,0.02512051840774418
2023-10-26,0.014414058191107052,0.026824669812135795
2023-10-27,0.0351223452992074,0.030966190693298198
2023-10-30,0.022808147038681136,0.028167355204551037
2023-10-31,0.029475691559556573,0.0271984274526088
2023-11-01,0.038488671772357444,0.025512260033514807
2023-11-02,0.01316464148005773,0.026730582005134333
2023-11-03,0.010706031339807047,0.025337343387160274
2023-11-06,0.008387593339817851,0.023869228295285237
2023-11-07,0.008941586984581418,0.022045583538511583
2023-11-08,0.02001343137974774,0.021385574128164143
2023-11-09,0.027793834542852957,0.023237000824400597
2023-11-10,0.017964104411302403,0.019720843009446255
2023-11-13,0.019326400849254695,0.0195771293112139
2023-11-14,0.0010012153184196363,0.016500930791337718
2023-11-15,0.002976485037747731,0.013144195568530623
2023-11-16,0.01949816357827912,0.016198065554576414
2023-11-17,0.022060322056844064,0.016146676749970133
2023-11-20,0.014865925100153441,0.017647847270693663
2023-11-21,0.009289106486765245,0.016389037701545914
2023-11-22,0.006394432521645262,0.015762276658022413
2023-11-24,-0.004269732330577536,0.014893679549966394
2023-11-27,0.008085765866998756,0.01497557685939295
2023-11-28,0.006782697849935304,0.010697188204472878
2023-11-29,0.03290039398017202,0.009004762285310556
2023-11-30,0.008174683619529466,0.00778710669440443
2023-12-01,0.004079102175521203,0.0058345827845935365
2023-12-04,0.013167077884310796,0.0052651786014480395
2023-12-05,0.023039034470274142,0.008790255137876755
2023-12-06,0.005986394034331573,0.007635450096129369
2023-12-07,0.008684914096872902,0.007750966683328239
2023-12-08,0.023260242658041753,0.009254955972644604
2023-12-11,0.017952720725109776,0.005543248906655366
2023-12-12,0.019311968244714074,0.004588195696131312
2023-12-13,0.0017262782585829618,-0.0005351926894371904
2023-12-14,0.018580563999322147,0.0026513772841047644
2023-12-15,0.02976291193747026,0.0009134018944639642
2023-12-18,0.011551191486952939,-0.00018179294458894055
2023-12-19,0.008208630098994123,-0.0034504367322508453
2023-12-20,0.0255989482546882,0.0003376668312344501
2023-12-21,0.025975532803380195,-0.001161953342610779
2023-12-22,0.020980570342514743,-0.002851812171091056
2023-12-26,0.014712534687896526,-0.005430144618665021
2023-12-27,0.009971073204976087,-0.00749127370972918
2023-12-28,0.012717855829565593,-0.007345512980082944
2023-12-29,0.005123586679145651,-0.007903300550737544
2024-01-02,-0.006749746066826857,-0.014001757170198236
2024-01-03,-0.0001384958052476393,-0.012903618056764798
2024-01-04,-0.001663970443557636,-0.010065770980777811
2024-01-05,-0.004314314831241107,-0.00735033479801436
2024-01-08,-0.0008273953082498549,-0.010202664227122203
2024-01-09,-0.015798862110823726,-0.012243159592708115
2024-01-10,-0.0041421038301965,-0.010871688972112515
2024-01-11,0.0008264798157983536,-0.008154987431996923
2024-01-12,0.003428212230763774,-0.00960768452452886
2024-01-16,0.01453478161201473,-0.008518636158239333
2024-01-17,0.007847485687029386,-0.008563718170516712
2024-01-18,0.029319714482641715,-0.00957090822800389
2024-01-19,0.028999297476629025,-0.009484457690284772
2024-01-22,0.027647752779873105,-0.006892082166233715
2024-01-23,0.01913128471721341,-0.007395166369341969
2024-01-24,0.03053874721906429,-0.00796783534109411
2024-01-25,0.020675827603555772,-0.011857881316527454
2024-01-26,0.006587034587173744,-0.0102544760878806
2024-01-29,0.007908297852666822,-0.012501510370528438
2024-01-30,-0.008476020353012316,-0.013919261648167718
2024-01-31,-0.003021358474394093,-0.011240158537391857
2024-02-01,-0.016805089878494193,-0.013299802067262664
2024-02-02,-0.012071983434777504,-0.012030935126547019
2024-02-05,0.004602144291599868,-0.011025926614595193
2024-02-06,0.005937964274038727,-0.009786403282259567
2024-02-07,0.00997611441896428,-0.010838432735983098
2024-02-08,0.013327143477187811,-0.008221418773004818
2024-02-09,0.018565578855250075,-0.005731453535490873
2024-02-12,0.01161248365033094,-0.004723398647515457
2024-02-13,0.023473220890223623,-0.0012690847036933989
2024-02-14,0.023786252004997222,-0.0037262080937466567
2024-02-15,0.01747673675195917,-0.003937151308426674
2024-02-16,0.016779856987067687,-0.006408253125008661
2024-02-20,0.008739583579678627,-0.007759203446927064
2024-02-21,0.013498274306721724,-0.008741928494746077
2024-02-22,0.016100314705002977,-0.00869997504764127
2024-02-23,0.005068804016108687,-0.009765399258970768
2024-02-26,0.01452858922329483,-0.00897260404339359
2024-02-27,0.01954204403886947,-0.00922241664991754
2024-02-28,0.020966798742738834,-0.008067574033113135
2024-02-29,0.014799350760703347,-0.0054139854430780765
2024-03-01,0.014268011430961059,-0.0063638409476037775
2024-03-04,0.019870408450708806,-0.00787444058957264
2024-03-05,0.021161427085648717,-0.008190148635025969
2024-03-06,0.015795281936823155,-0.004208758517484808
2024-03-07,0.01062980164505614,-0.011255557256514222
2024-03-08,0.013701297119817463,-0.009311243229428636
2024-03-11,0.005480950754871201,-0.0076385321135713
2024-03-12,0.0008635311595306726,-0.0015391454633107565
2024-03-13,0.008778715521621046,-0.008383233309759553
2024-03-14,0.017867134293546447,-0.009974847502037214
2024-03-15,0.010243572753535525,-0.008934504144426019
2024-03-18,-0.0013260221143328182,-0.00693682006872964
2024-03-19,-0.016104457338239436,-0.010464323302888856
2024-03-20,-0.023439510597466965,-0.01013634729860764
2024-03-21,-0.022350405947968045,-0.008580704580168694
2024-03-22,-0.018951632627167078,-0.009389651841336956
2024-03-25,-0.01133275112420355,-0.00987446498695483
2024-03-26,-0.015489965394935095,-0.010788015413493593
2024-03-27,-0.028328365653445046,-0.010081202739611736
2024-03-28,-0.039807647285884394,-0.009161725731042078
2024-04-01,-0.03588377390317932,-0.012163521286598394
2024-04-02,-0.030311604412059396,-0.013493626020578926
2024-04-03,-0.015550493807492667,-0.014555082725425156
2024-04-04,-0.0066249092785171425,-0.009937447089769885
2024-04-05,0.0014789263727034837,-0.011658570253735658
2024-04-08,0.012452588783611144,-0.011680462211813507
2024-04-09,0.010404424694192381,-0.013804314303149394
2024-04-10,0.021566568852699083,-0.014210557862354168
2024-04-11,0.021618162599568426,-0.011371994379032368
2024-04-12,0.029672673111515308,-0.012312665190864004
2024-04-15,0.03693929380908372,-0.008825642732605669
2024-04-16,0.03216739628133951,-0.011195467622772974
2024-04-17,0.02210331944158888,-0.01251787635744612
2024-04-18,0.02584334341838568,-0.01016723229862961
2024-04-19,0.019159407589651102,-0.015687431872731687
2024-04-22,0.010193906984496275,-0.014602714876638377
2024-04-23,0.018276744276485058,-0.014581132699952471
2024-04-24,0.007740137555756026,-0.01751782120835041
2024-04-25,0.018701939586095145,-0.007570624508238083
2024-04-26,0.02650109799076456,-0.009323681112336292
2024-04-29,0.020492895681757266,-0.005548053057116615
2024-04-30,0.022914486402280655,-0.004627745618990102
2024-05-01,0.029939290280390704,-0.004118045666300906
2024-05-02,0.035706518029340245,-0.002539284734437521
2024-05-03,0.030244472890463343,-0.004493808732236277
2024-05-06,0.022788844141474137,-0.005283742180681792
2024-05-07,0.0178206226315969,-0.002002672417395157
2024-05-08,0.01684625581996947,0.000772495879645074
2024-05-09,-0.0036344330154932923,-0.002295723551035994
2024-05-10,-0.006721817896559409,-0.0013769492434575412
2024-05-13,-0.011696007196134593,0.0015715114014548826
2024-05-14,-0.016971719940795812,-0.0010561272348899534
2024-05-15,-0.014988950870083959,-0.0007140369478836439
2024-05-16,-0.013612656934479734,0.005245942146901873
2024-05-17,-0.011574069452482832,0.0016354948464079142
2024-05-20,0.003983410498527799,0.002357236845274248
2024-05-21,-0.0041041395166008755,0.0026462097596678677
2024-05-22,0.0029513163527218373,-0.0010564304926703348
2024-05-23,0.009834438915716878,0.0002463974277528637
2024-05-24,0.006464049398337964,0.00017442153796050916
2024-05-28,0.01376100124394836,-0.00242280086947312
2024-05-29,0.00995683983089085,-0.0022769695903772577
2024-05-30,0.008629710335478453,-0.004318594403998141
2024-05-31,-0.005055508658679288,-0.008368678218774697
2024-06-03,0.0047744200696657295,-0.006689211809227153
2024-06-04,-0.002568240481535975,-0.009700723503794528
2024-06-05,-0.002573654405104094,-0.008248261750162189
2024-06-06,-0.004880662405802013,-0.008507269071077645
2024-06-07,0.010735620021883637,-0.007716572391351438
2024-06-10,0.005070144686397587,-0.01004943905343001
2024-06-11,0.003516699401005547,-0.0117639499948267
2024-06-12,0.010255323180083393,-0.005479236258485746
2024-06-13,0.0045226359254159606,-0.007380216517361173
2024-06-14,-0.004374858475069712,-0.006839315327961724
2024-06-17,-0.006871093314239014,-0.00993543073206965
2024-06-18,-0.00985649160040628,-0.00935542271170745
2024-06-20,0.00455347922523527,-0.008900663367595252
2024-06-21,0.002228896678406808,-0.007277423588005542
2024-06-24,-0.010970156757977526,-0.008459735139167694
2024-06-25,-0.0001292238916626986,-0.008557562285083677
2024-06-26,-0.0018141029114875486,-0.010052038081761505
2024-06-27,0.0068664762193836,-0.009750247716439654
2024-06-28,0.005469653636808412,-0.009850084887680256
2024-07-01,0.02211047095770373,-0.003437911220428368
2024-07-02,0.027946029606594206,-0.008214636197345561
2024-07-03,0.024679692844726465,-0.005564393665819698
2024-07-05,0.009133680912260161,-0.005675758292072643
2024-07-08,0.011325709349414478,-0.0036781354891385486
2024-07-09,0.010327918157770451,-0.004314471504648528
2024-07-10,0.005026082625069596,-0.008559734189599736
2024-07-11,0.007622313618733435,-0.008600200395620539
2024-07-12,0.013338764289347944,-0.006588290076726084
2024-07-15,0.019547815775667124,-0.005207863130345675
2024-07-16,0.0032108068720109375,-0.005468531708950703
2024-07-17,-0.011367397887031647,0.0025171654145567978
2024-07-18,0.0028040983439102914,-0.0020025329357805737
2024-07-19,0.014871705874569765,0.0057726762596429
2024-07-22,-0.005646871481260518,0.0036035660712199088
2024-07-23,0.00486882757329583,0.005540842987599487
2024-07-24,0.006790042910288147,0.002421963955531391
2024-07-25,0.016972219475127892,0.01397341984564481
2024-07-26,0.008373616417296904,0.007659808310819355
2024-07-29,0.0029248605071421096,0.0012649203229382318
2024-07-30,0.014258737424849923,-0.002223818650484373
2024-07-31,0.020595691724310458,0.004892091636940935
2024-08-01,0.021654960240881406,0.0016632839849323954
2024-08-02,0.01564770125700243,0.0033801107602592453
2024-08-05,0.03887432088314109,0.0071755973898504095
2024-08-06,0.03688789743962036,0.011929764987422216
2024-08-07,0.0426182824574898,0.012698681025567945
2024-08-08,0.03212431385159038,0.0020128223255726245
2024-08-09,0.03342123484798329,0.003913515474768411
2024-08-12,0.04554994852155027,0.004899808942114076
2024-08-13,0.04341237255457138,0.006032922584288516
2024-08-14,0.03462688822222482,0.009003818787580116
2024-08-15,0.019365522551699838,0.016048474967442057
2024-08-16,0.024538136752534724,0.011276880251126945
2024-08-19,0.028194804782692196,0.011359592536305866
2024-08-20,0.027938189044608933,0.008356184097455813
2024-08-21,0.017345307879996778,0.014965830034401665
2024-08-22,0.01676823275000728,0.008667582791933068
2024-08-23,0.021636331837580094,0.007094285761672141
2024-08-26,0.01433499587366365,0.012867588307402887
2024-08-27,0.0025385200737932066,0.015219082091552878
2024-08-28,0.012922199226537272,0.011854031019115016
2024-08-29,0.0249726182684298,0.013032622760217157
2024-08-30,0.020987872786508387,0.01360606284828973
2024-09-03,0.0044430324418996536,0.012678708490423416
2024-09-04,-0.004081253988101419,0.008161407327237838
2024-09-05,-0.0061516077488140974,0.007956733036996974
2024-09-06,0.00072290359927653,0.009780952163040936
2024-09-09,-0.0011780033364627257,0.0038947347858112125
2024-09-10,-0.0033487510194897857,0.005772967282076463
2024-09-11,0.0034874029074809343,-0.0010540981626722687
2024-09-12,-0.00035540180390771826,0.0037255147198329485
2024-09-13,-0.005601617116276206,0.005516031425704508
2024-09-16,-0.009766778699087295,0.005160435082728324
2024-09-17,-0.0036059193783524544,0.0005256370919437549
2024-09-18,-0.008262870707188317,0.003188755374739265
2024-09-19,-0.012399684260526603,0.00019742708006249832
2024-09-20,-0.013908032908228299,-0.005488282518738204
2024-09-23,-0.029681656067270048,-0.005125807878980515
2024-09-24,-0.02232481861126674,-0.005843961692786831
2024-09-25,-0.01376126490837616,-0.0072164533462642354
2024-09-26,-0.020481065632014666,-0.007336802998924655
2024-09-27,-0.016762112303638922,-0.00957980139476366
2024-09-30,-0.012487350672249419,-0.006774779970092841
2024-10-01,-0.0027843687138943835,-0.005764291991448815
2024-10-02,0.004986402418907483,-0.005688658151905712
2024-10-03,0.010535427783105879,-0.004013254572026807
2024-10-04,0.009406913860505515,-0.005852118330987425
2024-10-07,0.01097369495645919,-0.004273912106086533
2024-10-08,0.011651674393700785,-0.0063078390169242085
2024-10-09,0.003671916651090939,-0.004693795803961648
2024-10-10,0.006751284520186515,-0.002660086834415148
2024-10-11,-0.007129777828154534,-0.004484392586239094
2024-10-14,-0.009314941855744822,-0.006361985885179168
2024-10-15,-0.025538488748930846,-0.006491943034054251
2024-10-16,-0.026428990316352017,-0.006375376605291153
2024-10-17,-0.023925128170731974,-0.004718168687659488
2024-10-18,-0.02574184412338594,-0.004956745005850917
2024-10-21,-0.014575494532647788,-0.003126924421630027
2024-10-22,-0.01387476339884093,-0.002513625472020084
2024-10-23,-0.02837692699663883,-0.002808867172865908
2024-10-24,-0.023393564104635844,-0.003171007749913242
2024-10-25,-0.0029650567206093476,-0.0010218698898568448
2024-10-28,-0.008284325834715353,-0.0002528108646635734
2024-10-29,0.0027321211791212887,-0.00413170831992075
2024-10-30,0.007322521198180712,-0.0023065667062623857
2024-10-31,0.006841237799576141,-0.0006779308321918803
2024-11-01,-0.002373468967221336,-0.0010579050231113857
2024-11-04,0.0018646965718246019,-0.0020050120097857647
2024-11-05,-0.003095737420786101,-0.003056750428265039
2024-11-06,0.00826133565092055,0.00039445927823959955
2024-11-07,0.015409668002139157,-0.00016077427307693588
2024-11-08,0.012541483968087838,0.001496283837332145
2024-11-11,0.02149558786125469,0.0024797847984330654
2024-11-12,0.024502020746185668,0.0023666240446602246
2024-11-13,0.02358512530952744,0.0036599700834958424
2024-11-14,0.031120932632609677,0.005314071348062549
2024-11-15,0.038758861017021,0.006285058397064309
2024-11-18,0.026592963992030975,0.007914646975579242
2024-11-19,0.022442550718606846,0.008618371229401874
2024-11-20,0.03153461647404388,0.008800042324820904
2024-11-21,0.01578302260047199,0.01002649883063542
2024-11-22,0.004997342431664249,0.00909374859312241
2024-11-25,0.004244259303630016,0.00929850496881754
2024-11-26,-0.007531519926558742,0.010824061643014034
2024-11-27,-0.006664756586022246,0.012041604723781331
2024-11-29,-0.014280811339345507,0.010976549943434645
2024-12-02,-0.018333597314570696,0.011732448012145603
2024-12-03,-0.014863702140850034,0.015098219494377292
2024-12-04,-0.027415653619472888,0.016361784617408972
2024-12-05,-0.038539749738077486,0.013194468723571337
2024-12-06,-0.030066190563254443,0.014189224822366982
2024-12-09,-0.03376953893700759,0.015670047294720695
2024-12-10,-0.03193274060558118,0.014869829313001055
2024-12-11,-0.021138027917447323,0.011773135624632617
2024-12-12,-0.028966091574860398,0.009508800236978764
2024-12-13,-0.0382065662233867,0.008195721177584775
